12,pal,patel,99999999,Fire,Male,Manager
13,pal,patel,99999999,Fire,Male,Manager
14,pal,patel,99999999,Fire,Male,Manager
15,pal,patel,99999999,Fire,Male,Manager
16,pal,patel,99999999,Fire,Male,Manager
17,pal,patel,99999999,Fire,Male,Manager
18,pal,patel,99999999,Fire,Male,Manager
19,pal,patel,99999999,Fire,Male,Manager
20,pal,patel,99999999,Fire,Male,Manager
21,pal,patel,99999999,Fire,Male,Manager
22,pal,patel,99999999,Fire,Male,Manager
23,pal,patel,99999999,Fire,Male,Manager
24,pal,patel,99999999,Fire,Male,Manager
25,pal,patel,99999999,Fire,Male,Manager
26,pal,patel,99999999,Fire,Male,Manager
27,pal,patel,99999999,Fire,Male,Manager
28,pal,patel,99999999,Fire,Male,Manager
29,pal,patel,99999999,Fire,Male,Manager
30,pal,patel,99999999,Fire,Male,Manager
31,pal,patel,99999999,Fire,Male,Manager
32,pal,patel,99999999,Fire,Male,Manager
33,pal,patel,99999999,Fire,Male,Manager
34,pal,patel,99999999,Fire,Male,Manager
35,pal,patel,99999999,Fire,Male,Manager
36,pal,patel,99999999,Fire,Male,Manager
37,pal,patel,99999999,Fire,Male,Manager
38,pal,patel,99999999,Fire,Male,Manager
39,pal,patel,99999999,Fire,Male,Manager
40,pal,patel,99999999,Fire,Male,Manager
41,pal,patel,99999999,Fire,Male,Manager
42,pal,patel,99999999,Fire,Male,Manager
43,pal,patel,99999999,Fire,Male,Manager
44,pal,patel,99999999,Fire,Male,Manager
45,pal,patel,99999999,Fire,Male,Manager
46,pal,patel,99999999,Fire,Male,Manager
47,pal,patel,99999999,Fire,Male,Manager
48,pal,patel,99999999,Fire,Male,Manager